{
  "saved_at": "2026-04-05T22:51:13+0900",
  "camera_name": "astra_mini_color",
  "is_mono": true,
  "camera_model": "PINHOLE",
  "sample_count": 41,
  "boards": [
    {
      "pattern": "chessboard",
      "cols": 10,
      "rows": 7,
      "square_size_m": 0.024,
      "marker_size_m": 0.0
    }
  ],
  "ost": "# oST version 5.0 parameters\n\n\n[image]\n\nwidth\n640\n\nheight\n480\n\n[astra_mini_color]\n\ncamera matrix\n522.952778 0.000000 312.947657\n0.000000 524.075507 234.829298\n0.000000 0.000000 1.000000\n\ndistortion\n0.042545 -0.106464 0.004779 0.000572 0.000000\n\nrectification\n1.000000 0.000000 0.000000\n0.000000 1.000000 0.000000\n0.000000 0.000000 1.000000\n\nprojection\n523.837086 0.000000 313.096350 0.000000\n0.000000 526.474008 236.418328 0.000000\n0.000000 0.000000 1.000000 0.000000\n",
  "camera_info": {
    "width": 640,
    "height": 480,
    "distortion_model": "plumb_bob",
    "d": [
      0.04254509606788609,
      -0.10646387738194217,
      0.004778870291160479,
      0.0005718750118066714,
      0.0
    ],
    "k": [
      522.9527779183796,
      0.0,
      312.94765738613137,
      0.0,
      524.075507399313,
      234.82929806966519,
      0.0,
      0.0,
      1.0
    ],
    "r": [
      1.0,
      0.0,
      0.0,
      0.0,
      1.0,
      0.0,
      0.0,
      0.0,
      1.0
    ],
    "p": [
      523.837085501068,
      0.0,
      313.09635008912005,
      0.0,
      0.0,
      526.474007779432,
      236.4183283294068,
      0.0,
      0.0,
      0.0,
      1.0,
      0.0
    ],
    "binning_x": 0,
    "binning_y": 0,
    "roi": {
      "x_offset": 0,
      "y_offset": 0,
      "height": 0,
      "width": 0,
      "do_rectify": false
    }
  },
  "linear_error_rms_px_mean": 0.3383440187697496,
  "linear_error_rms_px_min": 0.14756856000026655,
  "linear_error_rms_px_max": 0.5940822364619438,
  "linear_error_rms_px_last": 0.26699186890475524
}