{
  "accuracy": 0.7262905162064826,
  "labels": {
    "normal": {
      "precision": 0.988155668358714,
      "recall": 0.7254658385093168,
      "f1_score": 0.836676217765043,
      "support": 2415
    },
    "failure": {
      "precision": 0.08677685950413223,
      "recall": 0.75,
      "f1_score": 0.15555555555555556,
      "support": 84
    }
  },
  "macro_f1": 0.49611588666029927,
  "dataset": {
    "rows": 10000,
    "label_counts": {
      "normal": 9661,
      "failure": 339
    }
  },
  "train_rows": 7501,
  "test_rows": 2499,
  "test_size": 0.25,
  "seed": 42,
  "model": {
    "name": "standardized_class_centroid"
  }
}