{
  "accuracy": 0.5263157894736842,
  "labels": {
    "normal": {
      "precision": 0.7272727272727273,
      "recall": 0.5714285714285714,
      "f1_score": 0.64,
      "support": 14
    },
    "free_flow": {
      "precision": 0.3333333333333333,
      "recall": 0.3333333333333333,
      "f1_score": 0.3333333333333333,
      "support": 3
    },
    "traffic": {
      "precision": 0.2,
      "recall": 0.5,
      "f1_score": 0.28571428571428575,
      "support": 2
    }
  },
  "macro_f1": 0.4196825396825397,
  "dataset": {
    "rows": 81,
    "label_counts": {
      "normal": 56,
      "free_flow": 14,
      "traffic": 11
    }
  },
  "train_rows": 62,
  "test_rows": 19,
  "test_size": 0.25,
  "seed": 42,
  "model": {
    "name": "standardized_class_centroid"
  }
}