{
  "accuracy": 0.975,
  "labels": {
    "normal": {
      "precision": 0.9903846153846154,
      "recall": 1.0,
      "f1_score": 0.9951690821256038,
      "support": 103
    },
    "aggressive": {
      "precision": 0.9846153846153847,
      "recall": 0.9411764705882353,
      "f1_score": 0.962406015037594,
      "support": 68
    },
    "risky": {
      "precision": 0.9032258064516129,
      "recall": 0.9655172413793104,
      "f1_score": 0.9333333333333333,
      "support": 29
    }
  },
  "macro_f1": 0.9636361434988437
}